<?xml version="1.0" encoding="UTF-8" ?>
<document>
<!--The data in this file is primarily intended for consumption by Xilinx tools.
The structure and the elements are likely to change over the next few releases.
This means code written to parse this file will need to be revisited each subsequent release.-->
<application name="impact" timeStamp="Sun May 24 13:03:38 2020">
<section name="Project Information" visible="false">
<property name="ProjectID" value="9bef5813eaef4d149420ff4d32d6b0c0"/>
<property name="ProjectIteration" value="1"/>
</section>
<section name="iMPACT Project Info" visible="true">
<property name="Use Project File" value="Yes"/>
<property name="Project Entry" value="ise"/>
<property name="OS Name" value="Microsoft Windows 7 (64 Bit)"/>
<property name="User Lic. Info" value="211718217_0_0_978"/>
</section>
<section name="iMPACT One Step SVF File Mode" visible="true">
<item name="Chain Summary">
<property name="Number of device" value="1"/>
<property name="Number of Xilinx device" value="1"/>
<property name="Number of Non-Xilinx device" value="0"/>
</item>
<item name="Chain Description">
<property name="Device1" value="spartan6"/>
<property name="Part1" value="xc6slx9"/>
<property name="Device1" value="SPI FLASH"/>
<property name="Part1" value="W25Q128BV"/>
<property name="Data Width" value="x1"/>
</item>
<item name="Boundary Scan Operations Statistics">
<property name="BSCAN Operation" value="Program -p 0 -dataWidth 1 -spionly -e -v -loadfpga
"/>
</item>
<item name="Cable Summary">
<property name="Cable Type" value="Digilent JTAG-HS3"/>
<property name="Cable Speed" value="10000000"/>
<property name="Port" value="Plugin Cable"/>
<property name="Local_Server_Mode" value="Local"/>
</item>
</section>
</application>
</document>
